Date ,NSW nersi_max_capacity,NSW total_available_capacity_MW,NSW total_demand_MW,QLD nersi_max_capacity,QLD total_available_capacity_MW,QLD total_demand_MW,SA nersi_max_capacity,SA total_available_capacity_MW,SA total_demand_MW,TAS nersi_max_capacity,TAS total_available_capacity_MW,TAS total_demand_MW,VIC nersi_max_capacity,VIC total_available_capacity_MW,VIC total_demand_MW,
2019-07-01 00:00:00,7701,16251.721124396405,7702.91455078125,5571,11631.738107228393,5572.04736328125,1646,4481.0613634008405,1647.7449951171875,1243,3182.909832875833,1244.8748779296875,5305,12026.986114442348,5306.45263671875,
2019-07-01 01:00:00,7258,15197.257928216884,7259.00390625,5900,11435.527335673301,5901.40966796875,1534,4295.353537863868,1535.457763671875,1064,3272.436553560962,1065.4478759765625,4497,10996.319384098053,4498.76806640625,
2019-07-01 02:00:00,6874,15172.975795433602,6875.32275390625,5542,11429.27013345061,5543.30078125,1329,4275.627077373292,1330.7288818359375,1062,3272.449707604612,1063.3350830078125,4335,10952.889098480344,4336.69677734375,
2019-07-01 03:00:00,6386,15215.259125109196,6387.8095703125,5346,11390.724783935084,5347.92333984375,1220,4312.623065851978,1221.1026611328125,1056,3271.902183615639,1057.5396728515625,4067,10738.454928964376,4068.784912109375,
2019-07-01 04:00:00,6178,15189.786402729085,6179.4443359375,5345,11486.692420766329,5346.1083984375,1170,4289.740075096637,1171.1973876953125,1058,3272.4054993653604,1059.8970947265625,3990,10863.975989528,3991.6181640625,
2019-07-01 05:00:00,6336,15196.626199287108,6337.83740234375,5495,11488.673870442017,5496.8486328125,1159,4275.527165595058,1160.962646484375,1086,3272.1957955660887,1087.873779296875,4033,10992.876209959388,4034.010009765625,
2019-07-01 06:00:00,6950,15219.505134511173,6951.32373046875,5933,11498.40708118649,5934.94189453125,1193,4266.654144028351,1194.3406982421875,1135,3272.1255075092754,1136.2509765625,4360,11125.792599484324,4361.232421875,
2019-07-01 07:00:00,8236,15305.737557064176,8237.6630859375,6668,12036.84192249877,6669.40283203125,1370,4250.595699244661,1371.2384033203125,1299,3269.3794701178253,1300.7630615234375,5104,10992.721245527267,5105.16064453125,
2019-07-01 08:00:00,9080,15586.287610673091,9081.90234375,7100,12417.431108399524,7101.6396484375,1619,4276.0024533746255,1620.3902587890625,1462,3269.6450619579405,1463.034423828125,5653,11272.444247230887,5654.23388671875,
2019-07-01 09:00:00,9211,15907.20926309693,9212.4560546875,6851,12678.647541676482,6852.28857421875,1700,4353.824773579519,1701.063720703125,1397,3267.957406717776,1398.0489501953125,5908,11793.226261407137,5909.25439453125,
2019-07-01 10:00:00,8976,16058.201875145913,8977.27734375,6613,12706.613545712557,6614.1171875,1629,4455.586835345735,1630.3822021484375,1343,3268.5815247150726,1344.7843017578125,5826,11880.950348079205,5827.7275390625,
2019-07-01 11:00:00,8665,16165.966211889616,8666.869140625,6826,12735.011264456982,6827.91796875,1505,4424.45662239588,1506.3309326171875,1275,3270.2673157523773,1276.310546875,5782,11858.228938490152,5783.17822265625,
2019-07-01 12:00:00,8285,16122.46341535765,8286.853515625,6910,12724.355507318523,6911.3603515625,1398,4444.090795525166,1399.205322265625,1270,3267.424986576465,1271.5430908203125,5668,11842.39993339777,5669.28466796875,
2019-07-01 13:00:00,8152,15907.650336792747,8153.02197265625,6908,12698.576234212156,6909.00537109375,1330,4434.123273938578,1331.3831787109375,1266,3271.3291219497323,1267.69140625,5617,12034.967783093452,5618.14306640625,
2019-07-01 14:00:00,8221,15620.121353892664,8222.6376953125,6930,12627.666214946827,6931.72265625,1354,4397.700608296802,1355.7156982421875,1277,3268.615146945226,1278.8525390625,5678,12088.632291078568,5679.3212890625,
2019-07-01 15:00:00,8382,15486.305241823873,8383.732421875,7119,12392.05242326431,7120.47314453125,1376,4643.236557594051,1377.8548583984375,1300,3267.9771805838263,1301.10400390625,5726,11481.811071485281,5727.85986328125,
2019-07-01 16:00:00,8659,15380.666758941541,8660.4658203125,7357,12051.782967248659,7358.0810546875,1433,4517.360557306773,1434.0924072265625,1316,3263.9005493785744,1317.046875,5811,11379.312607720494,5812.75927734375,
2019-07-01 17:00:00,9013,15351.972974905178,9014.6923828125,7843,11594.148270330294,7844.90380859375,1385,4391.1133270239225,1386.0926513671875,1393,3268.399926627287,1394.2869873046875,6008,11181.660968899727,6009.82861328125,
2019-07-01 18:00:00,10351,15307.528169849942,10352.7333984375,7221,11551.767037898775,8236.2197265625,1595,4293.870340995706,1596.7982177734375,1488,3271.6784792724393,1489.8504638671875,6452,11299.231722027063,6453.28662109375,
2019-07-01 19:00:00,10267,15415.967818286947,10268.09765625,7431,11592.596807166166,8172.1826171875,1780,4204.762107218166,1781.61083984375,1467,3270.8601417730956,1468.3111572265625,6271,11281.213966295123,6272.35498046875,
2019-07-01 20:00:00,9771,15431.126894211451,9772.2998046875,7753,11553.254044592357,7971.75732421875,1748,4240.537386210452,1749.77099609375,1405,3271.7648793682565,1406.7750244140625,5958,11154.292462289333,5959.11767578125,
2019-07-01 21:00:00,9570,15382.166747535945,9571.6298828125,7730,11515.597646847738,7731.63818359375,1831,4213.415533838212,1832.8304443359375,1367,3272.369689550218,1368.3739013671875,5660,11100.60878867656,5661.63037109375,
2019-07-01 22:00:00,9067,15346.089883760294,9068.2978515625,7261,11492.42037489156,7262.42822265625,1736,4306.544112991358,1737.482666015625,1308,3272.3968631602743,1309.8594970703125,5263,10934.800982832909,5264.77490234375,
2019-07-01 23:00:00,8736,15252.515523809374,8737.3876953125,6779,11453.600090033582,6780.42626953125,1579,4244.0840332195585,1580.047607421875,1203,3272.398955632872,1204.21728515625,4995,11028.477523311973,4996.29345703125,
2019-07-02 00:00:00,8412,15220.141277277276,8413.689453125,6414,11432.167430973142,6415.09716796875,1731,4261.668864785643,1732.6285400390625,1133,3272.4536737913086,1134.6279296875,5225,10939.81729067117,5226.5712890625,
2019-07-02 01:00:00,8035,15133.36922056249,8036.169921875,5440,11477.283806515996,5441.38671875,1580,4281.408778290879,1581.3009033203125,1068,3272.2595398904136,1069.4947509765625,4698,11497.84614328295,4699.97265625,
2019-07-02 02:00:00,7595,15108.380912331144,7596.41796875,5073,11417.327647302132,5074.03076171875,1363,4324.655784815765,1364.6851806640625,1078,3269.323268206092,1079.75927734375,4511,11526.462494276464,4512.23583984375,
2019-07-02 03:00:00,6904,15092.353086449028,6905.34423828125,4907,11397.741980862374,4908.68603515625,1254,4363.448650848336,1255.2445068359375,1084,3268.576930786596,1085.611328125,4269,11383.861892282963,4270.12060546875,
2019-07-02 04:00:00,6533,15078.376455786693,6534.13916015625,4884,11401.278924031725,4885.13916015625,1192,4365.279918561771,1193.443115234375,1080,3266.703093041409,1081.1051025390625,4150,11393.33636149019,4151.8095703125,
2019-07-02 05:00:00,6582,15086.543759900045,6583.6728515625,5001,11319.127818889763,5002.56787109375,1185,4331.676860510986,1186.6217041015625,1099,3206.0983811810315,1100.210693359375,4175,11381.708635129035,4176.87451171875,
2019-07-02 06:00:00,7208,15115.328644159461,7209.615234375,5406,11293.49446226433,5407.00390625,1229,4277.2317823766825,1230.8116455078125,1155,3203.4273827103157,1156.101806640625,4469,11052.722324904054,4470.83837890625,
2019-07-02 07:00:00,8440,15334.470778734012,8441.603515625,6026,11818.015760859287,6027.89453125,1421,4157.961279380883,1422.6199951171875,1312,3171.127414525151,1313.3094482421875,5213,10520.430561996996,5214.78515625,
2019-07-02 08:00:00,9197,15545.013447719992,9198.0810546875,6219,12224.284855092043,6220.81103515625,1680,4261.420401779385,1681.7076416015625,1433,3117.8206764121014,1434.3538818359375,5648,11004.36893983325,5649.947265625,
2019-07-02 09:00:00,9135,15874.713714687985,9136.5048828125,6060,12458.948383716632,6061.83349609375,1755,4365.4112863803575,1756.2362060546875,1401,3078.2603419189372,1402.08544921875,5678,11401.293856711593,5679.1015625,
2019-07-02 10:00:00,8817,16073.248756732537,8818.521484375,5757,12628.981193013875,5758.33056640625,1637,4378.398794586852,1638.1839599609375,1358,3097.354439712464,1359.7203369140625,5420,11466.900448981673,5421.30078125,
2019-07-02 11:00:00,8393,16143.27163889482,8394.2041015625,5539,12584.884088889161,5540.8583984375,1480,4373.04433765071,1481.6776123046875,1296,3033.8430266100704,1297.8662109375,5197,11640.902352266014,5198.560546875,
2019-07-02 12:00:00,8007,16116.10097480012,8008.06982421875,5368,12554.403292703255,5369.0439453125,1361,4305.454543549783,1362.5938720703125,1277,2956.419871263215,1278.08544921875,5044,11648.276422150433,5045.14453125,
2019-07-02 13:00:00,7864,16043.803464168737,7865.57421875,5414,12590.422679052903,5415.0791015625,1294,4325.612204347021,1295.2354736328125,1314,2921.019772955735,1315.99951171875,4994,11783.265631124377,4995.7333984375,
2019-07-02 14:00:00,7941,16024.040349730345,7942.990234375,5585,12567.468323585043,5586.18310546875,1326,4427.392655468362,1327.4886474609375,1306,2912.2103004383684,1307.918212890625,5130,11642.758750230074,5131.8759765625,
2019-07-02 15:00:00,8158,15537.87975434033,8159.0224609375,5814,12600.503392397639,5815.35986328125,1360,4440.578765115251,1361.04150390625,1340,3268.4815045248906,1341.2509765625,5261,12156.942090779543,5262.67529296875,
2019-07-02 16:00:00,8451,15313.27088865457,8452.638671875,6069,12216.76388117133,6070.98876953125,1433,4330.502172781637,1434.5013427734375,1363,3269.0476420087457,1364.42236328125,5435,11839.273010581732,5436.765625,
2019-07-02 17:00:00,9100,15271.528669795076,9101.43359375,6421,11813.374693298025,6422.0556640625,1587,4222.1532611790535,1588.849365234375,1439,3271.591365833691,1440.150390625,5689,11473.143914490938,5690.15771484375,
2019-07-02 18:00:00,10398,15253.313055106184,10399.8837890625,6832,11795.492704206421,6833.78271484375,1643,4262.082366655131,1644.6259765625,1522,3272.2678051571756,1523.29541015625,6255,11560.031500786543,6256.49169921875,
2019-07-02 19:00:00,10409,15208.898573128561,10410.3935546875,6805,11822.931929799222,6806.89208984375,1855,4306.591757944336,1856.2362060546875,1498,3272.3616049969987,1499.742431640625,6177,11704.561818778515,6178.67626953125,
2019-07-02 20:00:00,9974,15223.23192240862,9975.4130859375,6700,11790.535347062718,6701.62353515625,1835,4324.702380593084,1836.94970703125,1439,3272.415609812504,1440.755615234375,5928,11563.96346628666,5929.8466796875,
2019-07-02 21:00:00,9586,15234.550100245258,9587.2841796875,6540,11730.779295062603,6541.2568359375,1930,4317.456506313605,1931.89599609375,1390,3272.4595897820172,1391.1021728515625,5665,11711.535811841488,5666.8486328125,
2019-07-02 22:00:00,9080,15228.722088946084,9081.3662109375,6249,11639.187897185093,6250.38232421875,1823,4358.588527941893,1824.436767578125,1314,3272.4595897820172,1315.2596435546875,5300,11677.939530670643,5301.09033203125,
2019-07-02 23:00:00,8810,15142.364963294993,8811.6484375,5899,11626.375197000816,5900.24755859375,1667,4346.047351980531,1668.00830078125,1232,3272.4595897820172,1233.2086181640625,5088,11580.285906732082,5089.28515625,
2019-07-03 00:00:00,8495,15146.514681757793,8496.197265625,5664,11505.996359355777,5665.97412109375,1818,4295.335900370514,1819.3565673828125,1146,3272.4595897820172,1147.1021728515625,5260,11434.822007343173,5261.12548828125,
2019-07-03 01:00:00,8052,14876.19712363127,8053.58203125,5293,11651.437999145222,5294.89111328125,1653,4605.082859543501,1654.7705078125,1099,3272.0199612891865,1100.318115234375,4743,11783.899439260364,4744.02490234375,
2019-07-03 02:00:00,7568,14904.498751971925,7569.1181640625,5015,11627.774939169323,5016.59130859375,1431,4717.002719553137,1432.9180908203125,1087,3272.354671303708,1088.03271484375,4516,11966.034344643354,4517.365234375,
2019-07-03 03:00:00,6909,14925.578377977612,6910.35693359375,4833,11523.511898499075,4834.1376953125,1303,4796.348640863068,1304.1390380859375,1079,3271.595731492429,1080.0667724609375,4259,12055.08908522129,4260.82275390625,
2019-07-03 04:00:00,6559,14971.795342713494,6560.541015625,4791,11422.787255331965,4792.09521484375,1241,4825.739178642314,1242.7579345703125,1093,3271.621107478299,1094.00146484375,4079,12148.89135247469,4080.149658203125,
2019-07-03 05:00:00,6608,15010.802409807857,6609.79150390625,4933,11380.780098166655,4934.103515625,1236,4824.823110233143,1237.6612548828125,1093,3250.348355749497,1094.23583984375,4111,12077.593523025513,4112.251953125,
2019-07-03 06:00:00,7248,15022.204207764364,7249.84423828125,5287,11417.371915764077,5288.6015625,1289,4820.803933319984,1290.8096923828125,1150,3254.2675188805133,1151.75341796875,4446,12157.713366389275,4447.62158203125,
2019-07-03 07:00:00,8581,15165.821186405628,8582.1875,5842,11943.747075318384,5843.98583984375,1487,4771.165232357917,1488.2198486328125,1311,3265.073665606902,1312.117431640625,5274,11940.499098986387,5275.87109375,
2019-07-03 08:00:00,9296,15292.457130434435,9297.62890625,5951,12306.438198046446,5952.3076171875,1748,4920.388516014923,1749.9132080078125,1490,3259.9632292921515,1491.0054931640625,5705,12238.72549661994,5706.97021484375,
2019-07-03 09:00:00,9172,15442.552387904761,9173.365234375,5606,12468.981875814052,5607.8291015625,1794,5080.196005112041,1795.175048828125,1484,3269.8359239925912,1485.3280029296875,5688,12459.84742641449,5689.77685546875,
2019-07-03 10:00:00,8756,15774.494443173886,8757.0703125,5285,12640.931855058425,5286.37158203125,1587,5175.121128824888,1588.8515625,1434,3271.795077552341,1435.2489013671875,5373,12595.46513068676,5374.73388671875,
2019-07-03 11:00:00,8292,15929.519166803042,8293.845703125,5151,12749.230799830373,5152.03271484375,1413,5205.467763217115,1414.1954345703125,1386,3271.893385719489,1387.9580078125,5108,12713.580538064241,5109.208984375,
2019-07-03 12:00:00,7874,16095.240926304887,7875.80419921875,5138,12811.920381549735,5139.90673828125,1313,5242.494741194698,1314.86376953125,1370,3272.0239274758837,1371.585693359375,4957,12785.542057275772,4958.7421875,
2019-07-03 13:00:00,7693,16210.410141160146,7694.61962890625,5255,12802.465109473529,5256.7216796875,1264,5239.778673556982,1265.703125,1335,3272.0978678485044,1336.6829833984375,4850,12795.29317265749,4851.20166015625,
2019-07-03 14:00:00,7749,16245.742323200584,7750.87158203125,5407,12731.230992801156,5408.9609375,1278,5217.982098129926,1279.5689697265625,1331,3272.365951633259,1332.615234375,4947,12838.353309512138,4948.83544921875,
2019-07-03 15:00:00,7969,15915.523577340467,7970.3212890625,5658,12566.665341625385,5659.44677734375,1329,4379.566880048468,1330.282470703125,1340,2944.4160835785274,1341.4727783203125,5101,11866.799668073654,5102.08349609375,
2019-07-03 16:00:00,8341,15648.71180632809,8342.3876953125,5991,12265.607418362875,5992.0771484375,1430,4370.993840846582,1431.7928466796875,1360,2935.818263475539,1361.750732421875,5379,11613.204341068864,5380.28662109375,
2019-07-03 17:00:00,9045,15476.259249399782,9046.107421875,6364,11851.652640051105,6365.04931640625,1584,4260.362822414192,1585.1683349609375,1417,2935.4718760372352,1418.19091796875,5674,11562.624208390713,5675.1943359375,
2019-07-03 18:00:00,10450,15277.730613077114,10451.09375,6703,11865.68135932926,6704.32958984375,1827,4296.501400585368,1828.80908203125,1516,2982.4446092394983,1517.9149169921875,6336,11391.862103834748,6337.68798828125,
2019-07-03 19:00:00,10414,15268.385513620506,10415.607421875,6662,11832.351868722022,6663.4765625,2052,4390.56920715709,2053.3671875,1436,3069.7913491715,1437.2298583984375,6307,11314.356496080756,6308.9013671875,
2019-07-03 20:00:00,10037,15155.546651343599,10038.2333984375,6531,11821.078799140812,6532.251953125,2023,4471.13380522675,2024.6650390625,1413,3119.901811613073,1414.652099609375,6018,11316.682772129774,6019.01953125,
2019-07-03 21:00:00,9700,15069.881442289234,9701.5888671875,6453,11874.667725759886,6454.5986328125,1955,4544.964501525357,1956.267578125,1400,3193.972778301806,1401.2242431640625,5757,11586.665004119277,5758.64453125,
2019-07-03 22:00:00,9168,15023.228963871232,9169.3857421875,6128,11817.477309293477,6129.0166015625,1841,4625.39141664303,1842.7056884765625,1324,3253.054160599632,1325.3660888671875,5391,11604.675181940198,5392.595703125,
2019-07-03 23:00:00,8870,14953.09241919256,8871.3984375,5849,11699.158199182653,5850.01171875,1694,4608.724620891153,1695.4010009765625,1221,3269.528225897062,1222.026611328125,5143,11610.69524486363,5144.06396484375,
2019-07-04 00:00:00,8586,14865.841870263663,8587.3876953125,5611,11694.863557206318,5612.41748046875,1827,4556.824312914378,1828.1287841796875,1145,3271.5724479791575,1146.1649169921875,5336,11616.370520114899,5337.56689453125,
2019-07-04 01:00:00,8196,16119.37537405459,8197.8369140625,5295,11421.111549428442,5296.24169921875,1950,4866.283888469532,1951.1063232421875,1095,3196.90882171639,1096.50341796875,4846,12570.576535105705,4847.56689453125,
2019-07-04 02:00:00,7753,16142.34535154768,7754.6025390625,4944,11262.950076521991,4945.27197265625,1707,4935.360979735657,1708.6197509765625,1089,3151.704698665734,1090.920654296875,4641,12581.231698274612,4642.55859375,
2019-07-04 03:00:00,7078,16151.197865213633,7079.77978515625,4813,11181.861781575124,4814.7021484375,1561,4997.801356138611,1562.2998046875,1078,3115.8625405549337,1079.3092041015625,4342,12586.504881083965,4343.57568359375,
2019-07-04 04:00:00,6697,16148.650872181535,6698.44921875,4720,11143.023784206262,4721.85107421875,1468,5020.133201439148,1469.77880859375,1083,3107.1735718700165,1084.2437744140625,4159,12580.338708043098,4160.40576171875,
2019-07-04 05:00:00,6757,16163.464910989682,6758.34619140625,4842,11118.386241296255,4843.615234375,1459,5027.349280589076,1460.0469970703125,1084,3143.061952224944,1085.724853515625,4173,12585.260837197304,4174.7421875,
2019-07-04 06:00:00,7417,16155.259760613919,7418.5068359375,5216,11138.304866487146,5217.8720703125,1524,5030.779397208458,1525.46044921875,1131,3168.676315902002,1132.34228515625,4491,12586.868084669113,4492.93212890625,
2019-07-04 07:00:00,8662,16173.037225564996,8663.486328125,5695,11553.607927441775,5696.16064453125,1722,5010.7677121095385,1723.6248779296875,1304,3223.3197920893,1305.568603515625,5313,12570.408228576183,5314.65185546875,
2019-07-04 08:00:00,9366,16270.970485414744,9367.5400390625,5907,11912.321990292125,5908.93505859375,1982,5077.798810410395,1983.338623046875,1486,3269.135440256708,1487.0521240234375,5782,12734.407169520855,5783.42822265625,
2019-07-04 09:00:00,9223,16488.361084268174,9224.771484375,5644,12156.12466130498,5645.54248046875,2113,5101.89676187954,2114.083984375,1462,3272.0894789356344,1463.365234375,5939,12923.92760694027,5940.93505859375,
2019-07-04 10:00:00,8702,16540.455447013854,8703.4873046875,5369,12347.262016640827,5370.80029296875,2123,5177.16595623717,2124.9892578125,1419,3272.438893325776,1420.0750732421875,5872,12946.811338186264,5873.8623046875,
2019-07-04 11:00:00,8195,16552.0442544924,8196.5419921875,5222,12291.983444064737,5223.4521484375,2057,5169.648741661121,2058.1328125,1398,3272.4430972934497,1399.9010009765625,5849,12941.68914616108,5850.71728515625,
2019-07-04 12:00:00,7776,16578.299234440605,7777.22021484375,5176,12393.962664614457,5177.6201171875,1973,5124.614636237815,1974.380126953125,1371,3272.4595897820172,1372.5350341796875,5837,12719.180346369743,5838.32666015625,
2019-07-04 13:00:00,7686,16609.334585841178,7687.1279296875,5240,12452.07026259508,5241.7880859375,1990,5148.820777573439,1991.8345947265625,1389,3272.4595897820172,1390.9383544921875,5804,12747.304532170296,5805.53466796875,
2019-07-04 14:00:00,7799,16588.15222239065,7800.9296875,5400,12392.783959247505,5401.5576171875,2023,5150.785645140816,2024.1610107421875,1372,3272.4595897820172,1373.8336181640625,5785,12598.919688537717,5786.37451171875,
2019-07-04 15:00:00,8018,16170.3094645497,8019.033203125,5687,12510.523928310191,5688.982421875,2078,5039.21985033655,2079.01416015625,1297,3272.4061936858134,1298.02783203125,5767,12571.811842918396,5768.10107421875,
2019-07-04 16:00:00,8304,16069.020231261904,8305.1025390625,6051,12135.153015645483,6052.0869140625,2167,4972.389790984352,2168.760009765625,1336,3272.1445014537217,1337.16162109375,5851,12513.389264903963,5852.39697265625,
2019-07-04 17:00:00,8820,16026.203416320861,8821.693359375,6360,11741.966408940374,6361.45263671875,2209,4915.380340067087,2210.677490234375,1412,3272.391251529216,1413.4544677734375,6068,12467.640221238136,6069.6875,
2019-07-04 18:00:00,9965,16059.527019317627,9966.1640625,6715,11755.77438131911,6716.39599609375,2420,4924.8038811616625,2421.59326171875,1505,3272.454843673716,1506.5357666015625,6538,12409.564310908318,6539.330078125,
2019-07-04 19:00:00,9951,16106.670449128429,9952.1357421875,6705,11673.97759863038,6706.02490234375,2585,4946.830245513684,2586.731201171875,1487,3272.4539115722855,1488.7451171875,6412,12436.458293497562,6413.27880859375,
2019-07-04 20:00:00,9536,16150.392585725269,9537.32421875,6631,11696.060745553857,6632.501953125,2515,4938.959991729368,2516.77880859375,1492,3272.4595897820172,1493.5538330078125,6087,12553.582778275013,6088.19921875,
2019-07-04 21:00:00,9301,16192.713268827081,9302.7001953125,6479,11665.13987889852,6480.0673828125,2426,4915.90040263289,2427.7783203125,1460,3272.4595897820172,1461.3948974609375,5819,12577.207889914513,5820.90380859375,
2019-07-04 22:00:00,8766,16160.466397594095,8767.998046875,6141,11664.614908503874,6142.53955078125,2271,4926.316715463679,2272.38134765625,1360,3272.3984895821573,1361.7423095703125,5359,12580.947387039661,5360.64208984375,
2019-07-04 23:00:00,8564,16118.632706473947,8565.181640625,5834,11623.188097352657,5835.60498046875,2080,4908.8864933185305,2081.7958984375,1282,3272.0868252999308,1283.771240234375,5122,12583.819089472294,5123.07080078125,
2019-07-05 00:00:00,8273,16113.450982357741,8274.765625,5533,11545.931913174929,5534.17822265625,2188,4856.743217614828,2189.3935546875,1200,3261.305826289674,1201.4010009765625,5299,12586.765409588814,5300.29833984375,
2019-07-05 01:00:00,7864,16130.959160874963,7865.72900390625,5254,11130.465980235454,5255.18505859375,1693,4638.743244994647,1694.4522705078125,1151,3272.4214592245394,1152.265869140625,4756,12436.611369431019,4757.333984375,
2019-07-05 02:00:00,7436,16135.656003460965,7437.17333984375,4958,11132.899797846996,4959.0263671875,1479,4670.676480380236,1480.127197265625,1120,3272.4595897820172,1121.807861328125,4555,12540.017205119133,4556.03369140625,
2019-07-05 03:00:00,6764,16113.485200852832,6765.330078125,4798,11157.901300646452,4799.51318359375,1350,4657.969928587869,1351.2537841796875,1128,3272.4595897820172,1129.5054931640625,4249,12577.492089867592,4250.3896484375,
2019-07-05 04:00:00,6431,16098.748512179336,6432.935546875,4760,11149.060374858891,4761.32177734375,1278,4600.843422406169,1279.631103515625,1138,3272.4230856464224,1139.114501953125,4170,12545.411875069141,4171.23046875,
2019-07-05 05:00:00,6464,16077.932603399635,6465.2236328125,4906,11151.405989716483,4907.84326171875,1257,4546.083026677054,1258.1488037109375,1139,3271.939705453816,1140.2364501953125,4191,12543.447542309761,4192.26416015625,
2019-07-05 06:00:00,7048,16023.403235393942,7049.96337890625,5254,11154.661296411083,5255.720703125,1301,4455.402328931543,1302.0546875,1198,3272.4595897820172,1199.323974609375,4481,12263.96600419283,4482.43115234375,
2019-07-05 07:00:00,8168,15997.225820862433,8169.04541015625,5820,11522.900580736714,5821.57177734375,1495,4376.471779401496,1496.409423828125,1360,3272.4595897820172,1361.1204833984375,5302,12160.411502093077,5303.8818359375,
2019-07-05 08:00:00,8781,16087.37856667929,8782.3876953125,6059,11902.944266506263,6060.7333984375,1742,4484.83759892168,1743.824951171875,1560,3272.4595897820172,1561.1500244140625,5812,12351.481597393751,5813.669921875,
2019-07-05 09:00:00,8704,16210.44751765895,8705.8359375,5916,12196.188506571343,5917.6552734375,1844,4628.068923051551,1845.4298095703125,1545,3272.4595897820172,1546.21044921875,5908,12651.97922384739,5909.79638671875,
2019-07-05 10:00:00,8399,16337.790542675237,8400.0078125,5633,12324.01754798029,5634.73779296875,1714,4716.7284055710925,1715.0177001953125,1476,3272.4595897820172,1477.5115966796875,5648,12877.545748054981,5649.27392578125,
2019-07-05 11:00:00,7983,16401.047138314127,7984.103515625,5401,12406.140800967834,5402.44921875,1559,4773.945670363842,1560.071044921875,1388,3272.432035722398,1389.496826171875,5489,12856.651189923286,5490.52978515625,
2019-07-05 12:00:00,7655,16399.95706305472,7656.5302734375,5360,12405.252190915511,5361.6455078125,1429,4800.030834527635,1430.333984375,1364,3272.413507828667,1365.5721435546875,5444,12677.700870335102,5445.11962890625,
2019-07-05 13:00:00,7530,16434.547218252028,7531.98876953125,5479,12393.895611749107,5480.17529296875,1354,4662.1354113111565,1355.7828369140625,1324,3272.4595897820172,1325.1121826171875,5526,12624.438245773315,5527.9453125,
2019-07-05 14:00:00,7630,16421.459143274828,7631.67724609375,5599,12287.084752846373,5600.82080078125,1424,4613.7066533285615,1425.2646484375,1344,3272.4595897820172,1345.60107421875,5634,12703.531657934189,5635.4482421875,
2019-07-05 15:00:00,7833,16542.72667893338,7834.18896484375,5776,12163.54133304632,5777.32666015625,1467,5119.909858096606,1468.5882568359375,1403,3272.4595897820172,1404.466064453125,5679,12841.539460718632,5680.6181640625,
2019-07-05 16:00:00,8223,16383.113135990432,8224.458984375,6021,11825.63420842695,6022.259765625,1582,4991.337878982618,1583.3443603515625,1476,3272.4595897820172,1477.6973876953125,5774,12678.87310436368,5775.54931640625,
2019-07-05 17:00:00,8710,16271.620306557099,8711.935546875,6323,11505.12011213227,6324.79052734375,1689,4899.2440149035865,1690.94677734375,1549,3272.430009828474,1550.002197265625,5956,12578.800342977047,5957.86279296875,
2019-07-05 18:00:00,9802,16216.165575281462,9803.103515625,6515,11431.954612618003,6516.52734375,1908,4859.747498956857,1909.81201171875,1584,3272.328201525344,1585.05859375,6476,12527.512230575085,6477.0234375,
2019-07-05 19:00:00,9788,16259.938902582408,9789.80859375,6429,11426.636524169633,6430.8876953125,2066,4852.541046174192,2067.193359375,1554,3272.4339855264097,1555.156982421875,6377,12497.147689282894,6378.9140625,
2019-07-05 20:00:00,9382,16256.746457180063,9383.18359375,6322,11377.426611715966,6323.9580078125,1995,4813.302884444278,1996.000244140625,1513,3272.4595897820172,1514.3045654296875,6056,12479.540041089058,6057.3623046875,
2019-07-05 21:00:00,9148,16231.382654891095,9149.7490234375,6175,11334.604417272865,6176.11474609375,1915,4653.2253942082,1916.349609375,1504,3272.4577255791573,1505.634765625,5822,12454.15525406599,5823.4248046875,
2019-07-05 22:00:00,8807,16176.935103928725,8808.326171875,5970,11270.423964465721,5971.59130859375,1822,4627.134459761321,1823.9764404296875,1423,3272.4198898700906,1424.4766845703125,5469,12399.680889189243,5470.97509765625,
2019-07-05 23:00:00,8732,16146.931692432046,8733.107421875,5780,11195.057193153238,5781.32763671875,1686,4652.6883754663195,1687.03173828125,1334,3272.432501773113,1335.220458984375,5288,12428.231063246727,5289.6005859375,
2019-07-06 00:00:00,8526,16126.33602864363,8527.1767578125,5571,11159.02233442067,5572.00146484375,1835,4591.677980326864,1836.50537109375,1247,3272.1845913264506,1248.6722412109375,5475,12391.366446256638,5476.17236328125,
2019-07-06 01:00:00,8092,15949.152816880549,8093.95458984375,5247,11437.178522041622,5248.44775390625,1691,4365.325655981582,1692.83056640625,1185,3272.3896916860067,1186.5198974609375,4926,11795.70979616046,4927.08349609375,
2019-07-06 02:00:00,7566,15977.952496900589,7567.30419921875,4966,11300.103877242109,4967.52685546875,1467,4488.972425890504,1468.947265625,1136,3272.4595897820172,1137.2412109375,4663,11664.1095071733,4664.736328125,
2019-07-06 03:00:00,6876,16002.025392703146,6877.6806640625,4801,11213.816317257286,4802.1953125,1308,4493.641032437876,1309.48779296875,1110,3272.4595897820172,1111.3525390625,4296,11617.952015250921,4297.32275390625,
2019-07-06 04:00:00,6488,16007.439667096416,6489.474609375,4746,11187.428309563256,4747.744140625,1232,4480.871132652357,1233.35888671875,1107,3272.4570217474657,1108.718505859375,4087,11162.149071455002,4088.74609375,
2019-07-06 05:00:00,6348,15998.782374360344,6349.0078125,4808,11197.33919394203,4809.3994140625,1202,4397.220738849153,1203.6063232421875,1097,3272.0659766638637,1098.3487548828125,4003,11276.632082372904,4004.190185546875,
2019-07-06 06:00:00,6597,16003.456933148882,6598.22021484375,4961,11320.649144323997,4962.86083984375,1200,4281.363732629272,1201.9576416015625,1123,3271.634099830884,1124.5889892578125,4110,11392.232446551323,4111.48046875,
2019-07-06 07:00:00,7190,16029.434214451096,7191.66455078125,5150,11784.015966717596,5151.6875,1262,4168.245732081472,1263.9273681640625,1168,3267.440860834492,1169.4119873046875,4422,10788.813120931387,4423.09326171875,
2019-07-06 08:00:00,7980,16134.542714015326,7981.6064453125,5233,12037.99420956747,5234.2607421875,1342,4160.996194172866,1343.1395263671875,1257,3256.5442622244373,1258.476318359375,4671,10907.906128495932,4672.17431640625,
2019-07-06 09:00:00,8303,16225.599070887447,8304.953125,5155,12198.658487490964,5156.5556640625,1464,4330.394779112406,1465.4224853515625,1373,3236.0449454352743,1374.328125,4866,11094.943289488554,4867.6591796875,
2019-07-06 10:00:00,8112,16333.894766579748,8113.90283203125,4965,12422.09677858025,4966.17236328125,1511,4381.77152845019,1512.5286865234375,1410,3176.3999175982326,1411.7816162109375,4846,11280.188482433558,4847.134765625,
2019-07-06 11:00:00,7572,16349.936485263885,7573.38916015625,4679,12378.96795699277,4680.66552734375,1426,4332.018564406998,1427.83447265625,1361,3107.2221410123866,1362.869873046875,4670,11179.211306780577,4671.3671875,
2019-07-06 12:00:00,7147,16386.54153833854,7148.7314453125,4571,12421.49467021672,4572.99365234375,1343,4294.792369020521,1344.4822998046875,1354,3067.236257038043,1355.8431396484375,4604,11119.416956603527,4605.10791015625,
2019-07-06 13:00:00,6946,16387.66418734881,6947.09423828125,4561,12437.688363705565,4562.68408203125,1284,4159.987927410967,1285.743896484375,1321,3035.8091709305445,1322.4783935546875,4684,10920.413811564445,4685.00390625,
2019-07-06 14:00:00,7031,16384.830624790917,7032.72119140625,4687,12360.293853461597,4688.474609375,1316,4070.5073732709275,1317.6048583984375,1301,2988.936227270916,1302.5621337890625,4677,10675.690250813961,4678.65087890625,
2019-07-06 15:00:00,7292,16368.751134368957,7293.41162109375,5026,12246.373660761697,5027.02783203125,1421,4602.374730024702,1422.42529296875,1333,3272.4525895100533,1334.4173583984375,4724,12744.903754472733,4725.29345703125,
2019-07-06 16:00:00,7752,16179.654960327527,7753.50390625,5402,11913.819400335315,5403.22265625,1482,4515.2642568964,1483.591796875,1352,3272.43273955409,1353.9090576171875,4958,12532.605811446905,4959.62353515625,
2019-07-06 17:00:00,8607,16129.292330042204,8608.2568359375,5858,11588.243705412828,5859.4384765625,1407,4490.109539348848,1408.699462890625,1442,3272.4595897820172,1443.4923095703125,5318,12356.670996844769,5319.59326171875,
2019-07-06 18:00:00,9800,16126.606854071895,9801.7451171875,6248,11562.948046640831,6249.37890625,1616,4433.424669667762,1617.442626953125,1578,3272.4272135241836,1579.320068359375,5871,12077.635121524334,5872.6748046875,
2019-07-06 19:00:00,9721,16103.112033044974,9722.701171875,6183,11572.535334423159,6184.4443359375,1899,4432.864934910304,1900.2489013671875,1563,3272.4595897820172,1564.830078125,5807,12354.5372402668,5808.8056640625,
2019-07-06 20:00:00,9328,16086.930304982445,9329.421875,6106,11584.149346182665,6107.796875,1823,4389.448922640195,1824.5977783203125,1516,3272.4595897820172,1517.53515625,5520,12233.049317717552,5521.98974609375,
2019-07-06 21:00:00,9061,16054.634207664112,9062.8193359375,6013,11615.819572310498,6014.9970703125,1735,4316.06629723066,1736.6124267578125,1479,3272.4595897820172,1480.9639892578125,5310,12184.906789839268,5311.60498046875,
2019-07-06 22:00:00,8813,15991.419733035744,8814.9375,5856,11591.294482198766,5857.99951171875,1668,4340.400335773509,1669.4666748046875,1421,3272.4595897820172,1422.627197265625,5101,12022.736188620329,5102.4658203125,
2019-07-06 23:00:00,8632,15898.650239596198,8633.6025390625,5731,11582.224031511212,5732.5,1601,4343.219646208736,1602.5771484375,1337,3272.4562418258606,1338.459228515625,5034,11793.524130046368,5035.59716796875,
2019-07-07 00:00:00,8291,15940.050077132004,8292.27734375,5552,11523.680655933516,5553.099609375,1783,4324.569981636429,1784.27294921875,1260,3272.396463688233,1261.8018798828125,5281,11756.707727193832,5282.45068359375,
2019-07-07 01:00:00,7705,15628.083678319485,7706.8291015625,5238,11520.41597623044,5239.2138671875,1634,3788.768716360658,1635.5377197265625,1209,2959.586571736767,1210.5672607421875,4787,10546.116310492158,4788.67919921875,
2019-07-07 02:00:00,7167,15568.748639633313,7168.4365234375,4924,11535.02537393849,4925.78515625,1387,3813.569299310761,1388.693359375,1172,2954.3945575244134,1173.592529296875,4521,10435.291782081127,4522.54248046875,
2019-07-07 03:00:00,6594,15441.005763847435,6595.0927734375,4762,11519.613601176894,4763.63330078125,1249,3846.000247039649,1250.4833984375,1159,2959.3107743371174,1160.3875732421875,4172,10334.85914568603,4173.72119140625,
2019-07-07 04:00:00,6305,15394.385304036296,6306.8681640625,4749,11511.433703839262,4750.609375,1171,3826.6915718703026,1172.0142822265625,1140,2975.6604564054574,1141.073486328125,3978,10391.215225711465,3979.968994140625,
2019-07-07 05:00:00,6262,15332.761580197195,6263.63818359375,4728,11534.243611282469,4729.46533203125,1146,3741.013559286964,1147.011962890625,1075,2944.635046569045,1076.7608642578125,3932,10347.080744564533,3933.166259765625,
2019-07-07 06:00:00,6411,15264.22874854138,6412.1044921875,4802,11536.431761786222,4803.76513671875,1142,3671.8774499007927,1143.654541015625,1058,2936.8638910552163,1059.41357421875,3958,10322.1269582659,3959.79150390625,
2019-07-07 07:00:00,6849,15305.88034479574,6850.5126953125,4879,11871.231972447196,4880.80859375,1183,3643.0213400148946,1184.139404296875,1121,2902.215947478835,1122.893310546875,4169,10218.265228778124,4170.85546875,
2019-07-07 08:00:00,7446,15376.76458604391,7447.1337890625,4982,12245.016125696915,4983.37548828125,1244,3774.02960430054,1245.2257080078125,1239,2929.6239120881883,1240.1947021484375,4289,10492.817224353552,4290.77099609375,
2019-07-07 09:00:00,7917,15573.725098232484,7918.513671875,4959,12387.434133382232,4960.52783203125,1331,3854.795441648473,1332.523193359375,1338,2958.030076483538,1339.6217041015625,4471,10769.07364051789,4472.896484375,
2019-07-07 10:00:00,7779,15683.820381113694,7780.6181640625,4758,12566.16176132116,4759.84423828125,1343,3873.4801855951578,1344.18603515625,1381,2969.0976110823676,1382.3564453125,4527,10933.502463266253,4528.544921875,
2019-07-07 11:00:00,7304,15842.16173444135,7305.90087890625,4573,12617.735020572185,4574.0556640625,1268,3879.1324633298204,1269.4732666015625,1357,2975.2040833762235,1358.0838623046875,4381,11084.194099768996,4382.6796875,
2019-07-07 12:00:00,6884,15948.810830387652,6885.27783203125,4420,12601.78185334329,4421.0068359375,1209,3883.1453751673685,1210.3564453125,1298,2963.407355366343,1299.313232421875,4368,10977.524910375476,4369.01220703125,
2019-07-07 13:00:00,6802,15945.414885761893,6803.365234375,4409,12590.458696320728,4410.67236328125,1182,3748.1397431218224,1183.8956298828125,1266,2982.157384086092,1267.205078125,4435,10696.919475600123,4436.93701171875,
2019-07-07 14:00:00,6770,15941.497458954707,6771.90283203125,4611,12583.749905360552,4612.4521484375,1212,3644.889842744866,1213.385986328125,1245,3021.0982658447288,1246.2791748046875,4556,10824.409375358373,4557.58984375,
2019-07-07 15:00:00,7075,16219.946476628438,7076.111328125,4928,12373.36469310162,4929.2294921875,1232,4156.973257100692,1233.51953125,1280,2973.172694333459,1281.328857421875,4650,10417.86977045238,4651.5888671875,
2019-07-07 16:00:00,7615,16023.515837337256,7616.3212890625,5348,11974.737806057554,5349.64501953125,1338,4092.880320260783,1339.4483642578125,1311,2942.284127449333,1312.616943359375,4910,10743.519186712801,4911.66943359375,
2019-07-07 17:00:00,8505,15912.280139364979,8506.98046875,5835,11631.31785967195,5836.82421875,1308,4025.1104021452397,1309.887451171875,1409,2915.673404411041,1410.177490234375,5280,10819.451481416821,5281.10302734375,
2019-07-07 18:00:00,9596,15924.849319820038,9597.5283203125,6350,11645.241870662458,6351.134765625,1552,4060.316005322233,1553.0821533203125,1538,2904.6147485538936,1539.4398193359375,5858,10849.189575821161,5859.61865234375,
2019-07-07 19:00:00,9877,15876.335612325052,9878.873046875,6336,11658.238820678787,6337.52685546875,1729,4022.9659318718554,1730.2652587890625,1528,2908.313550542248,1529.39111328125,5918,10677.379742488265,5919.51318359375,
2019-07-07 20:00:00,9582,15860.184039814452,9583.7626953125,6218,11647.22183539429,6219.955078125,1700,4033.839703285484,1701.7918701171875,1499,2868.398584744306,1500.8385009765625,5703,10673.098152846098,5704.6904296875,
2019-07-07 21:00:00,9322,15883.823634354452,9323.1689453125,6130,11666.421503731037,6131.5634765625,1656,3941.580226480112,1657.6131591796875,1472,2842.17978895704,1473.00634765625,5495,10647.312455743551,5496.9384765625,
2019-07-07 22:00:00,8815,15871.308174705187,8816.6962890625,5851,11646.957876927741,5852.943359375,1731,3883.8924239311928,1732.6236572265625,1388,2807.296546837019,1389.8603515625,5177,10585.735943645239,5178.99755859375,
2019-07-07 23:00:00,8311,15709.914401518236,8312.0361328125,5611,11607.459282322148,5612.46435546875,1614,3811.510841513002,1615.898681640625,1297,2826.721134032725,1298.311767578125,5001,10738.1182346493,5002.51220703125,
2019-07-08 00:00:00,7944,15617.864782458226,7945.599609375,5374,11547.50241330261,5375.02587890625,1765,3754.5984327417427,1766.5491943359375,1238,2903.6515548833368,1239.3892822265625,5191,10531.99221278727,5192.60595703125,
2019-07-08 01:00:00,8595,15391.63489517676,8596.5234375,5122,11617.781579047554,5123.64501953125,1611,3432.4211440502295,1612.2215576171875,1208,2982.873820547725,1209.258544921875,5334,9772.496017317288,5335.548828125,
2019-07-08 02:00:00,8140,15481.003028619547,8141.95263671875,4866,11609.031432392176,4867.9833984375,1413,3433.841248878959,1414.35888671875,1181,2972.049224395328,1182.454345703125,5092,9781.519084607251,5093.64453125,
2019-07-08 03:00:00,7555,15440.478263692588,7556.51513671875,4692,11606.664317100298,4693.267578125,1294,3445.746625362213,1295.123291015625,1162,2908.8709638420555,1163.250732421875,4774,9731.376219480531,4775.392578125,
2019-07-08 04:00:00,7340,15360.946313502624,7341.3232421875,4702,11603.759791501056,4703.013671875,1233,3448.9562302510017,1234.749755859375,1172,2890.8682831109545,1173.6802978515625,4613,9755.136097855866,4614.365234375,
2019-07-08 05:00:00,7491,15266.698434486885,7492.25830078125,4856,11603.12909768119,4857.0908203125,1228,3444.210500831,1229.83544921875,1182,2861.6420549263676,1183.11083984375,4686,9667.759887427092,4687.45556640625,
2019-07-08 06:00:00,8327,15223.477024442222,8328.3115234375,5296,11586.785053776755,5297.57275390625,1118,3429.9916301172257,1119.2724609375,1246,2828.3959419667,1247.9359130859375,5108,9576.64575606247,5109.6181640625,
2019-07-08 07:00:00,9811,15211.127421865294,9812.958984375,6008,11964.772245542734,6009.46435546875,1298,3425.033245918956,1299.5589599609375,1390,2804.313555946328,1391.5546875,6065,9544.613078108523,6066.83203125,
2019-07-08 08:00:00,10735,15369.124928557796,10736.115234375,6112,12336.571910438084,6113.845703125,1535,3594.983072700951,1536.332763671875,1519,2803.0558955027095,1520.2891845703125,6744,9719.097920852131,6745.712890625,
2019-07-08 09:00:00,10836,15611.752790806715,10837.16015625,5626,12466.925769869993,5627.36767578125,1641,3719.4603122496205,1642.8353271484375,1532,2800.3255005328338,1533.3201904296875,7007,9930.808919077273,7008.080078125,
2019-07-08 10:00:00,10514,15766.133142224568,10515.3662109375,5267,12652.367481490448,5268.97265625,1537,3737.683118031842,1538.4803466796875,1531,2805.9678148482676,1532.3466796875,6779,9941.808448808268,6780.82470703125,
2019-07-08 11:00:00,9945,15861.381017473272,9946.8046875,5103,12645.290566500862,5104.80224609375,1328,3781.847260766346,1329.77978515625,1443,2821.4441285768426,1444.7901611328125,6422,9945.028833137825,6423.1279296875,
2019-07-08 12:00:00,9494,15585.44932673264,9495.0654296875,5101,12744.954666465908,5102.5322265625,1216,3798.4604224421114,1217.60107421875,1389,2791.9335666555307,1390.0281982421875,6198,9942.749758033315,6199.51220703125,
2019-07-08 13:00:00,9273,15492.661526969845,9274.7265625,5196,12827.963015208921,5197.09765625,1200,3801.7551172826866,1201.3575439453125,1351,2785.604156862126,1352.7950439453125,6122,9929.799216154963,6123.3251953125,
2019-07-08 14:00:00,9350,15415.75138091612,9351.7490234375,5392,12701.60086039715,5393.50439453125,1245,3828.9122886556092,1246.493896484375,1323,2778.2308327009837,1324.9385986328125,6259,9791.878967802972,6260.11279296875,
2019-07-08 15:00:00,9593,15912.13475861049,9594.1357421875,5643,12418.892162389959,5644.205078125,1279,3694.254247385426,1280.759765625,1357,3015.0140546059433,1358.78955078125,6320,10612.24141063029,6321.71923828125,
2019-07-08 16:00:00,9863,15797.904964744479,9864.599609375,6041,12166.178502699036,6042.66259765625,1348,3628.310779802567,1349.142578125,1385,3017.1267813875243,1386.6273193359375,6547,10380.000126075,6548.64892578125,
2019-07-08 17:00:00,10618,15770.127820891383,10619.123046875,6428,11866.156514214497,6429.56884765625,1483,3466.9955155987504,1484.4139404296875,1484,3001.0743826079192,1485.7587890625,6872,10203.916991566308,6873.1025390625,
2019-07-08 18:00:00,10626,15757.517354869495,12273.6611328125,6840,11888.283559308724,6841.03125,1752,3466.242842547678,1753.965087890625,1594,3015.106831987565,1595.9248046875,7610,10204.905744725838,7611.755859375,
2019-07-08 19:00:00,10486,15726.175245565262,12312.9326171875,6801,11894.133151254766,6802.71484375,1936,3486.3212109671936,1937.90283203125,1570,3021.695771395075,1571.810302734375,7500,10222.235289957374,7501.93896484375,
2019-07-08 20:00:00,11472,15694.598076064194,11788.326171875,6741,11913.5562746894,6742.8583984375,1951,3544.483917915212,1952.1121826171875,1553,3026.5325931395455,1554.0599365234375,7185,10127.714550039265,7186.55224609375,
2019-07-08 21:00:00,11389,15716.610952006708,11390.927734375,6578,11805.508132218813,6579.39404296875,1886,3539.550673736076,1887.9449462890625,1531,3043.7929240381354,1532.94677734375,6871,10088.584835458547,6872.35693359375,
2019-07-08 22:00:00,10640,15635.242359957092,10641.82421875,6250,11787.931566916119,6251.54296875,1768,3484.0249314025605,1769.6416015625,1431,3062.649045874221,1432.388916015625,6431,9980.658553751186,6432.82373046875,
2019-07-08 23:00:00,10198,15362.27730738284,10199.2587890625,5822,11745.703214539653,5823.73388671875,1575,3477.970782038306,1576.912109375,1337,3010.22159803617,1338.88134765625,6024,9914.169477911666,6025.20947265625,
2019-07-09 00:00:00,9860,15336.348307460912,9861.1103515625,5618,11657.636452954346,5619.52734375,1691,3433.129405427541,1692.81787109375,1251,2986.4399906848957,1252.669677734375,6230,9804.383665136527,6231.85107421875,
2019-07-09 01:00:00,9403,14952.101034829448,9404.73046875,5265,11849.302891889738,5266.7314453125,1511,3647.0361090448314,1512.6334228515625,1301,2718.312828289745,1302.25537109375,5719,9403.935952629894,5720.04248046875,
2019-07-09 02:00:00,8944,14893.268543222974,8945.255859375,4983,11837.429811752812,4984.98046875,1450,3625.9911543489593,1451.2689208984375,1270,2718.502603368105,1271.8067626953125,5382,9401.728819965152,5383.224609375,
2019-07-09 03:00:00,8188,14863.347591346883,8189.53466796875,4819,11807.467249593206,4820.65380859375,1316,3618.8975651984797,1317.175048828125,1278,2722.0080527146865,1279.947021484375,5052,9399.250286316324,5053.21826171875,
2019-07-09 04:00:00,7735,14864.3868796701,7736.68994140625,4795,11755.585059290905,4796.24462890625,1250,3586.7466943963323,1251.6485595703125,1289,2722.5126894863483,1290.629638671875,4935,9407.153120343748,4936.70068359375,
2019-07-09 05:00:00,7764,14888.94567037977,7765.71630859375,4938,11754.53835178988,4939.05517578125,1223,3563.544312337363,1224.48681640625,1312,2724.9622371830746,1313.825439453125,4984,9439.987153650494,4985.93798828125,
2019-07-09 06:00:00,8376,14910.082249119001,8377.92578125,5403,11766.206540102452,5404.548828125,1111,3557.9498026272045,1112.032470703125,1379,2729.6580163173635,1380.77099609375,5417,9478.751014416572,5418.20654296875,
2019-07-09 07:00:00,9884,14989.05198774663,9885.1181640625,6198,12202.467051952815,6199.5458984375,1285,3554.8193846799463,1286.617431640625,1545,2729.9682099242473,1546.5474853515625,6448,9529.107537984382,6449.67333984375,
2019-07-09 08:00:00,10781,15252.280209602843,10782.4814453125,6365,12667.289729843676,6366.99560546875,1533,3604.578054406497,1534.3304443359375,1737,2733.966153756898,1738.844482421875,7133,9742.795778155327,7134.498046875,
2019-07-09 09:00:00,10839,15560.267787470848,10840.0546875,5882,12837.72074861577,5883.6591796875,1689,3780.2341865755648,1690.1756591796875,1775,2750.9704676608662,1776.734619140625,7309,10125.085029670969,7310.78466796875,
2019-07-09 10:00:00,10567,15745.707589299163,10568.3203125,5490,12908.103785818485,5491.54736328125,1824,3949.734198350675,1825.4822998046875,1658,2762.9609544721507,1659.96240234375,6962,10177.34901304543,6963.46435546875,
2019-07-09 11:00:00,10179,15703.99216703207,10180.6982421875,5285,12871.335982650284,5286.2880859375,1656,4129.096656456273,1657.7303466796875,1601,2792.46755377348,1602.1876220703125,6607,10236.068605100736,6608.4384765625,
2019-07-09 12:00:00,9926,15680.463856604627,9927.8125,5312,12816.179550791536,5313.5986328125,1433,4302.695899249935,1434.5057373046875,1533,2812.9471038300217,1534.180908203125,6301,10226.960666295141,6302.431640625,
2019-07-09 13:00:00,9988,15597.885229110772,9989.5234375,5260,12550.850396014814,5261.7060546875,1336,4357.856761917155,1337.5302734375,1472,2814.575283508852,1473.8355712890625,6116,10130.697958646342,6117.65869140625,
2019-07-09 14:00:00,10043,15606.59540664255,10044.4755859375,5602,12572.44196487874,5603.1728515625,1324,4463.509546100777,1325.2177734375,1458,2826.9534139468615,1459.6905517578125,6176,10277.755287745036,6177.802734375,
2019-07-09 15:00:00,10277,15235.14476395373,10278.8544921875,5816,12614.532693991569,5817.2421875,1362,3841.4789560316954,1363.111328125,1469,2759.0163297541126,1470.8856201171875,6313,9610.527814117493,6314.107421875,
2019-07-09 16:00:00,10545,15170.490489224803,10546.0546875,6146,12316.572733315177,6147.03955078125,1281,3845.177371648489,1282.9287109375,1506,2754.11108177788,1507.639892578125,6564,9510.583878850099,6565.29931640625,
2019-07-09 17:00:00,11142,15112.530643433776,11370.580078125,6514,11969.558218467733,6515.259765625,1433,3769.204255535882,1434.264404296875,1603,2737.852163680738,1604.8248291015625,6993,9469.35856678919,6994.77099609375,
2019-07-09 18:00:00,8518,15168.177790905715,12738.2724609375,6932,11959.491496136274,6933.0927734375,1710,3820.562599054088,1711.265625,1711,2730.6383355683392,1712.9581298828125,6908,9484.509522715583,7716.35107421875,
2019-07-09 19:00:00,8770,15205.481195911121,12650.443359375,6959,11947.156727387934,6960.185546875,1974,3845.4561402879685,1975.4439697265625,1714,2732.109978531298,1715.914794921875,6964,9496.270927781006,7699.576171875,
2019-07-09 20:00:00,9988,15214.504825763615,12050.130859375,6883,11941.649308793436,6884.25634765625,1950,3873.8069449361974,1951.51171875,1699,2723.743263407194,1700.7149658203125,7400,9510.080120010767,7401.36865234375,
2019-07-09 21:00:00,11158,15238.89481779659,11489.5615234375,6724,11916.952279203322,6725.94287109375,1878,3849.502851115489,1879.6209716796875,1660,2729.9651746500754,1661.8162841796875,7067,9506.052077251486,7068.6748046875,
2019-07-09 22:00:00,10890,15148.312240383642,10891.9765625,6366,11864.759167913955,6367.74267578125,1889,3840.26698299785,1890.7421875,1585,2726.914623198991,1586.2733154296875,6565,9474.863385419361,6566.27001953125,
2019-07-09 23:00:00,10312,15038.049615926164,10313.83984375,5939,11866.454218516508,5940.51513671875,1673,3791.0707496550494,1674.314453125,1455,2720.3544180621184,1456.529296875,6131,9454.935219569132,6132.73388671875,
2019-07-10 00:00:00,9881,15003.666431032487,9882.67578125,5637,11843.703040055647,5638.77197265625,1833,3677.8836957223743,1834.824462890625,1359,2715.7969609520997,1360.2901611328125,6326,9430.351832195185,6327.00341796875,
2019-07-10 01:00:00,9418,14949.080942672266,9419.7216796875,5969,11750.885033440885,5970.81787109375,1665,3801.3094284486056,1666.1605224609375,1308,2920.814116188693,1309.652587890625,5755,10077.506126565393,5756.1845703125,
2019-07-10 02:00:00,8868,14885.389452850734,8869.9013671875,5599,11789.301971880304,5600.3720703125,1442,3802.564497990616,1443.249755859375,1286,2955.742426126197,1287.4720458984375,5454,10036.473554693162,5455.86083984375,
2019-07-10 03:00:00,8064,14856.401301239284,8065.27099609375,5404,11674.472842418654,5405.27099609375,1298,3768.3610323762814,1299.479736328125,1278,2948.850471125048,1279.8692626953125,5142,10122.767522995477,5143.14404296875,
2019-07-10 04:00:00,7577,14847.244041586971,7578.857421875,5361,11660.641961294019,5362.44873046875,1230,3730.855212195726,1231.8634033203125,1281,2925.6794300387364,1282.20068359375,4940,10022.350799011881,4941.970703125,
2019-07-10 05:00:00,7645,14850.956411418483,7646.6494140625,5542,11704.3475480927,5543.345703125,1216,3684.5774928424003,1217.333740234375,1304,2898.412227012172,1305.3375244140625,5000,9908.642799302004,5001.12646484375,
2019-07-10 06:00:00,8214,14855.0957519737,8215.89453125,6018,11741.472880658712,6019.27978515625,1110,3635.3642902211445,1111.5594482421875,1373,2884.7373544491575,1374.497802734375,5432,9772.540366272442,5433.04443359375,
2019-07-10 07:00:00,9601,14882.040235003977,9602.3564453125,6893,12002.184362985694,6894.73779296875,1304,3591.925166934811,1305.7767333984375,1547,2893.169610630094,1548.387939453125,6435,9763.720634132624,6436.3408203125,
2019-07-10 08:00:00,10604,14973.656822342791,10605.7265625,7404,12154.66168304471,7405.48193359375,1553,3733.963762523556,1554.2274169921875,1740,2864.557089202725,1741.05029296875,7092,10023.050700940657,7093.595703125,
2019-07-10 09:00:00,10972,15133.478022337946,10973.51171875,7191,12263.113168096757,7192.3798828125,1642,3935.942338629176,1643.9114990234375,1766,2860.122000796775,1767.5029296875,7243,10168.203199150972,7244.89013671875,
2019-07-10 10:00:00,10854,15179.032188224352,10855.0361328125,6961,12553.13715493926,6962.5859375,1494,4073.3213664652008,1495.8890380859375,1667,2842.9706419476997,1668.2423095703125,6919,10262.826315594837,6920.4853515625,
2019-07-10 11:00:00,10594,15285.09993351691,10595.1943359375,6879,12549.6129327801,6880.1015625,1447,4232.056140258592,1448.2813720703125,1597,2851.783617573311,1598.5345458984375,6451,10366.939535498619,6452.70751953125,
2019-07-10 12:00:00,10160,15260.053534632603,10161.783203125,6798,12558.698356273115,6799.08935546875,1299,4353.760959827157,1300.0867919921875,1499,2867.707825655931,1500.892333984375,6163,10470.550151601434,6164.54833984375,
2019-07-10 13:00:00,10009,15190.053137057206,10010.533203125,6755,12502.034947867593,6756.39453125,1233,4473.412205148704,1234.95166015625,1477,2899.1232842736517,1478.580810546875,5932,10372.719670135528,5933.0986328125,
2019-07-10 14:00:00,9949,15105.412330923036,9950.4326171875,6790,12337.911587452201,6791.5751953125,1255,4485.562348354823,1256.8238525390625,1408,2908.259533243241,1409.4603271484375,5973,10514.728588365018,5974.748046875,
2019-07-10 15:00:00,10058,15458.279772623808,10059.1689453125,6869,12370.395981724203,6870.994140625,1306,4559.266600602123,1307.8251953125,1413,2846.5579841030662,1414.733642578125,6079,10154.808802891523,6080.96044921875,
2019-07-10 16:00:00,10154,15382.483051778145,10155.9716796875,7137,12014.412375284704,7138.62841796875,1253,4500.939847926691,1254.270751953125,1463,2873.62974008329,1464.0640869140625,6342,9980.073172558099,6343.8330078125,
2019-07-10 17:00:00,10821,15376.784255849252,10822.7841796875,7616,11939.482440436299,7617.78466796875,1420,4326.37886640185,1421.2764892578125,1562,2903.8978496082605,1563.7392578125,6727,9887.914717044681,6728.57958984375,
2019-07-10 18:00:00,9852,15315.74198556014,12219.3994140625,8017,11950.162278554948,8018.84716796875,1690,4342.832515854604,1691.302490234375,1665,2889.991571570652,1666.3623046875,7531,9997.215614832938,7532.55908203125,
2019-07-10 19:00:00,9974,15343.929719081203,12186.6064453125,7987,11951.393391941927,7988.373046875,1943,4274.499116916425,1944.0352783203125,1681,2883.4851385954603,1682.3907470703125,7564,10064.480658784509,7565.484375,
2019-07-10 20:00:00,10940,15323.789011953453,11683.1953125,7853,11932.817360218858,7854.17138671875,1911,4307.976534334361,1912.5262451171875,1669,2882.390166707428,1670.759521484375,7248,10237.183479592204,7249.419921875,
2019-07-10 21:00:00,11244,15266.621815364242,11245.8095703125,7619,11919.947156092436,7620.43701171875,1992,4321.479489524133,1993.049560546875,1630,2876.8957450262837,1631.393310546875,6974,10238.531182207167,6975.33984375,
2019-07-10 22:00:00,10559,15211.021832886518,10560.685546875,7151,11873.010591030132,7152.56884765625,1892,4214.595402783265,1893.4168701171875,1562,2882.654973870319,1563.925048828125,6540,10449.705029547215,6541.87646484375,
2019-07-10 23:00:00,10117,15104.790975552729,10118.724609375,6654,11855.253760502083,6655.9404296875,1709,4101.8263798917005,1710.97216796875,1451,2896.5699879810236,1452.7261962890625,6123,10246.964907389134,6124.59521484375,
2019-07-11 00:00:00,9868,15013.544587709686,9869.2080078125,6261,11732.310944875406,6262.87060546875,1866,3918.2916871614784,1867.925537109375,1360,2929.824110592903,1361.3052978515625,6289,10116.42278714478,6290.8466796875,
2019-07-11 01:00:00,8119,14833.960341029235,8120.94775390625,5280,11888.58923838901,5281.51171875,1668,3744.389676628052,1669.285888671875,1219,2750.5188428205174,1220.8607177734375,5718,9875.870241401717,5719.94482421875,
2019-07-11 02:00:00,7655,14834.86207277442,7656.63427734375,5028,11875.561134307598,5029.962890625,1454,3652.12321792937,1455.251953125,1192,2755.5986057607624,1193.4588623046875,5415,9908.72415510472,5416.15478515625,
2019-07-11 03:00:00,6985,14834.168964135128,6986.5400390625,4875,11793.011616154297,4876.09326171875,1330,3652.091399562894,1331.5782470703125,1183,2779.191925725221,1184.72509765625,5099,9992.937747730874,5100.96142578125,
2019-07-11 04:00:00,6634,14834.361790770468,6635.3857421875,4848,11789.768965091615,4849.677734375,1283,3690.2144230388135,1284.240234375,1153,2782.198263586982,1154.399169921875,4931,9971.939946498256,4932.05712890625,
2019-07-11 05:00:00,6695,14847.806769883626,6696.95556640625,4998,11758.230606820332,4999.63427734375,1249,3735.490028192638,1250.783203125,1186,2795.044993752065,1187.7388916015625,4963,9943.825216948055,4964.6923828125,
2019-07-11 06:00:00,7266,14856.90907587489,7267.9521484375,5447,11754.506266126358,5448.5205078125,1291,3717.134783292671,1292.258056640625,1261,2784.294956202829,1262.6270751953125,5371,9949.899461257504,5372.88916015625,
2019-07-11 07:00:00,8556,14994.465016154161,8557.8388671875,6171,12000.382596713227,6172.017578125,1475,3663.8785688171456,1476.471923828125,1389,2805.165990643327,1390.2830810546875,6369,9988.471994527616,6370.5615234375,
2019-07-11 08:00:00,9322,15131.778927713067,9323.08203125,6366,12265.86431784873,6367.9423828125,1662,3788.0513205833763,1663.53857421875,1552,2816.7808804066353,1553.33349609375,7032,10348.359182568267,7033.1552734375,
2019-07-11 09:00:00,9338,15349.30193818304,9339.25390625,5880,12527.388772015558,5881.59765625,1783,3914.5614552228603,1784.145263671875,1587,2867.420905753854,1588.073974609375,7294,10577.104189611971,7295.89404296875,
2019-07-11 10:00:00,8924,15429.70782897689,8925.38671875,5448,12610.893403651613,5449.748046875,1702,3929.365715674207,1703.1644287109375,1535,2885.936960370005,1536.97265625,7158,11006.84725034982,7159.43408203125,
2019-07-11 11:00:00,8405,15566.175907484621,8406.333984375,5309,12731.38013734857,5310.4375,1502,4164.505151102003,1503.7789306640625,1449,2927.38918285955,1450.432373046875,6865,11218.714869365096,6866.31787109375,
2019-07-11 12:00:00,7985,15477.188364662907,7986.7021484375,5364,12629.536102803155,5365.43017578125,1314,4341.203208044919,1315.2952880859375,1384,2932.9507824223274,1385.863037109375,6528,11065.253439545631,6529.89599609375,
2019-07-11 13:00:00,7861,15433.933581999248,7862.88427734375,5430,12564.100139261553,5431.26025390625,1230,4360.515544671781,1231.033935546875,1357,2937.5428805796796,1358.7042236328125,6317,11258.691166773438,6318.9794921875,
2019-07-11 14:00:00,7910,15434.970166804946,7911.38720703125,5493,12434.575783415625,5494.005859375,1259,4352.895208088099,1260.2838134765625,1353,2960.104194767877,1354.4918212890625,6349,11038.042433306575,6350.0615234375,
2019-07-11 15:00:00,8163,15181.566802714697,8164.42919921875,5721,12395.764183165587,5722.67724609375,1333,4406.5559645377125,1334.59423828125,1340,2910.562500262218,1341.17822265625,6321,10314.42247873731,6322.44970703125,
2019-07-11 16:00:00,8529,15034.840079672846,8530.8759765625,6030,12215.3180172559,6031.162109375,1288,4336.157563051691,1289.5662841796875,1368,2873.057546912402,1369.3206787109375,6476,9985.462645996362,6477.4013671875,
2019-07-11 17:00:00,9143,14986.13195413605,9144.6162109375,6413,12001.742202252637,6414.5244140625,1430,4276.583385716274,1431.82373046875,1407,2861.5381375059715,1408.0389404296875,6797,10027.854270018637,6798.25830078125,
2019-07-11 18:00:00,10289,14957.13458197383,10290.1953125,6834,11979.750441670565,6835.689453125,1637,4255.086164425209,1638.925537109375,1517,2865.573524411851,1518.8026123046875,7491,10047.625136338174,7492.35498046875,
2019-07-11 19:00:00,10364,14948.331520084657,10365.064453125,6911,11975.95936084366,6912.59716796875,1868,4226.220323291956,1869.8638916015625,1505,2862.7111122546175,1506.4161376953125,7475,10170.644011141732,7476.36572265625,
2019-07-11 20:00:00,9966,14941.69938852954,9967.3681640625,6911,11967.750711615707,6912.84033203125,1869,4172.9868766811305,1870.19873046875,1443,2813.670935280041,1444.2802734375,7176,10377.914507448673,7177.3564453125,
2019-07-11 21:00:00,9880,14946.754861153096,9881.5830078125,6808,11962.912050229455,6809.1015625,1964,4144.466501186684,1965.873779296875,1411,2801.1233555788153,1412.9078369140625,6931,10419.983228597266,6932.1298828125,
2019-07-11 22:00:00,9262,14941.93151719509,9263.5947265625,6445,11895.33256024476,6446.64453125,1842,4065.943545769051,1843.7481689453125,1364,2785.88781307168,1365.9832763671875,6429,10573.222421497107,6430.8798828125,
2019-07-11 23:00:00,8984,14916.116291567738,8985.9541015625,6075,11879.862792984786,6076.79638671875,1674,3979.741193509211,1675.5087890625,1285,2780.2598959485667,1286.1812744140625,6110,10512.579049989581,6111.7470703125,
2019-07-12 00:00:00,8621,14865.223025826017,8622.81640625,5784,11904.48307020347,5785.7646484375,1814,3825.730303259516,1815.861572265625,1200,2763.477573621698,1201.4959716796875,6296,10048.908755699173,6297.79833984375,
2019-07-12 01:00:00,8101,15100.284854048685,8102.5908203125,5466,11696.334230970511,5467.689453125,1639,3634.462011632193,1640.425537109375,1155,2900.8256611285574,1156.9866943359375,5056,9957.55712634651,5057.95849609375,
2019-07-12 02:00:00,7648,15066.165494470912,7649.21240234375,5097,11643.727964652684,5098.34521484375,1415,3604.0604684653053,1416.253662109375,1140,2873.6353374474897,1141.05078125,4809,9785.870484982152,4810.7724609375,
2019-07-12 03:00:00,6972,15054.653682291562,6973.9296875,4914,11597.399710893013,4915.6044921875,1284,3625.9786613366196,1285.25830078125,1140,2901.087260626068,1141.645263671875,4492,9751.593886666,4493.0263671875,
2019-07-12 04:00:00,6608,15045.070808885519,6609.40869140625,4893,11622.579731848557,4894.86279296875,1233,3623.373042734422,1234.939697265625,1155,2896.923454159014,1156.7132568359375,4338,9719.053040316328,4339.13671875,
2019-07-12 05:00:00,6650,15024.963665207282,6651.45703125,5048,11637.244697518927,5049.3203125,1226,3713.8954894661933,1227.7764892578125,1122,2838.2844360241597,1123.73388671875,4367,9699.398627400398,4368.11669921875,
2019-07-12 06:00:00,7243,15011.193425182424,7244.55029296875,5467,11651.981500332058,5468.23046875,1255,3799.255603486148,1256.61962890625,1212,2836.7899041157375,1213.70654296875,4724,9781.126907281578,4725.263671875,
2019-07-12 07:00:00,8421,15028.996863830813,8422.7177734375,6124,11946.202972610045,6125.51611328125,1411,3871.817950082951,1412.3460693359375,1353,2836.0854613265865,1354.497314453125,5534,9949.173257712275,5535.52978515625,
2019-07-12 08:00:00,9284,15202.513778198809,9285.71875,6360,12232.64460803823,6361.4677734375,1608,4016.0839692101913,1609.1595458984375,1517,2879.856630608444,1518.6275634765625,6116,10373.7586467918,6117.87451171875,
2019-07-12 09:00:00,9330,15293.903045823543,9331.4267578125,5907,12381.425596680125,5908.9599609375,1725,4254.524987854338,1726.576904296875,1557,2897.1952627827736,1558.7557373046875,6200,10753.20602113381,6201.41357421875,
2019-07-12 10:00:00,9036,15327.254452490459,9037.5966796875,5544,12512.655181367203,5545.20361328125,1754,4382.6691024087395,1755.61767578125,1497,2905.8541206681157,1498.223388671875,5854,11134.419582122937,5855.666015625,
2019-07-12 11:00:00,8516,15394.30393274879,8517.052734375,5367,12670.893745067751,5368.95751953125,1731,4478.840526761436,1732.71875,1399,2900.739256871573,1400.47412109375,5452,11221.999688114971,5453.79638671875,
2019-07-12 12:00:00,8073,15347.940874805729,8074.2412109375,5424,12409.050282541251,5425.39013671875,1703,4522.786311503715,1704.473388671875,1353,2912.3079939416903,1354.9937744140625,5248,11257.642456039786,5249.4853515625,
2019-07-12 13:00:00,7826,15405.768245732466,7827.86767578125,5500,12416.914238098921,5501.4921875,1686,4683.7043386311425,1687.235595703125,1276,2899.527669464518,1277.7708740234375,5148,11455.666113972664,5149.55712890625,
2019-07-12 14:00:00,7793,15357.067119463713,7794.90234375,5651,12312.673755375014,5652.55322265625,1695,4682.150291959837,1696.4638671875,1261,2884.0910526756074,1262.4512939453125,5306,11469.422107368708,5307.7001953125,
2019-07-12 15:00:00,7999,15418.740467545322,8000.158203125,5781,12475.381297026654,5782.8046875,1711,4365.729295621177,1712.5081787109375,1268,2948.5745280845495,1269.8079833984375,5451,11165.042289502919,5452.6806640625,
2019-07-12 16:00:00,8330,15329.281181328053,8331.0498046875,6044,12243.113352573782,6045.56689453125,1724,4303.4964585612415,1725.053955078125,1267,2950.2740200617513,1268.7451171875,5607,11253.151183128357,5608.9033203125,
2019-07-12 17:00:00,8961,15411.427022290782,8962.4892578125,6492,11966.747563036504,6493.92724609375,1767,4275.934671276065,1768.0513916015625,1348,2969.6718331194425,1349.462890625,5864,11050.316699385643,5865.29931640625,
2019-07-12 18:00:00,10036,15515.936880298013,10037.6943359375,6710,11954.709525025339,6711.14111328125,1793,4232.489274001231,1794.15478515625,1468,2955.955251989697,1469.482666015625,6397,11056.537994980812,6398.8544921875,
2019-07-12 19:00:00,10010,15544.225765287,10011.8525390625,6701,11946.429115960716,6702.21630859375,1976,4182.12934363921,1977.7965087890625,1453,2975.7715286554526,1454.4002685546875,6325,11198.183469846845,6326.38134765625,
2019-07-12 20:00:00,9629,15468.513954205184,9630.7744140625,6635,11933.359885074145,6636.86962890625,1906,4075.272886516476,1907.4132080078125,1422,2970.9068389804734,1423.17236328125,6018,11010.61314187944,6019.5986328125,
2019-07-12 21:00:00,9393,15319.729350090858,9394.6669921875,6528,11917.88596246082,6529.1669921875,1797,4070.7147087472918,1798.6241455078125,1402,2915.265443588732,1403.7540283203125,5792,10875.022638738155,5793.37646484375,
2019-07-12 22:00:00,8981,15264.410710991726,8982.28515625,6259,11837.188824220748,6260.46044921875,1703,3965.9398287041936,1704.9564208984375,1333,2906.5640056693787,1334.17431640625,5411,10679.766567580402,5412.505859375,
2019-07-12 23:00:00,8843,15191.787980904703,8844.091796875,5952,11727.24865660004,5953.765625,1602,3838.0573494899513,1603.99365234375,1262,2886.529163107338,1263.0574951171875,5236,10463.07943437621,5237.5830078125,
